nom,type,note,x,y
"""O"" Delices",restaurant,2.2,47.53395,-18.90722
A'TO Restaurant,restaurant,2.0,47.53338,-18.89503
Abu Nawass,restaurant,2.1,47.50832,-18.90353
Aeropizza,restaurant,4.4,47.52705,-18.95134
Aina Restaurant,restaurant,2.7,47.52826,-18.91922
Akoho Ambanidia,restaurant,2.7,47.53683,-18.92018
Alishane,restaurant,4.8,47.50604,-18.90724
ALL GRILLADE NAMONTANA,restaurant,2.7,47.51253,-18.93545
Antanimena,restaurant,1.0,47.51902,-18.89718
Ari Rang,restaurant,2.3,47.53037,-18.86541
Art'Home,restaurant,1.5,47.52794,-18.92617
Au Bistro Lamako,restaurant,3.7,47.54728,-18.91706
Au Bon Accueil,restaurant,3.9,47.52749,-18.91344
Au Coeur de Jade,restaurant,2.1,47.52724,-18.91704
BACKSTAGE RESTAURANT,restaurant,2.6,47.52192,-18.90125
Badass,restaurant,4.1,47.54249,-18.88174
Bakary Sakafo,restaurant,1.8,47.5537,-18.92139
Bali Chill Bar & Grill,restaurant,3.6,47.52393,-18.90912
Belvedere,restaurant,3.6,47.51766,-18.91046
Bissap Restaurant,restaurant,4.0,47.52199,-18.907
Blitz Food,restaurant,4.3,47.49409,-18.87076
Bonara be restau,restaurant,4.9,47.51207,-18.90259
Bonzai,restaurant,1.9,47.5082,-18.91047
Boutique & café du Rova,restaurant,1.5,47.53265,-18.9229
Brunch Club,restaurant,4.3,47.53592,-18.91598
Café d'Octobre,restaurant,1.1,47.52753,-18.93205
Café du Musée,restaurant,1.3,47.53392,-18.91796
CEMES Soanierana,restaurant,1.0,47.52436,-18.94123
Chalet Arirang,restaurant,3.3,47.52009,-18.91036
Chalet des Roses,restaurant,3.6,47.52395,-18.9093
Chantaco Ampefiloha,restaurant,2.0,47.51747,-18.91326
Charlotte,restaurant,2.1,47.53305,-18.91512
Chez Arnaud Andohanimandroseza,restaurant,1.7,47.55007,-18.92454
Chez MAXIME,restaurant,4.5,47.51862,-18.87037
Chez Mme Erick,restaurant,2.1,47.50636,-18.90334
Chez Papato,restaurant,1.1,47.53043,-18.9054
Chez Sucett's,restaurant,3.4,47.52123,-18.91118
Chez Vina,restaurant,5.0,47.54819,-18.89239
Chick'n Art,restaurant,3.8,47.52228,-18.89228
Chicken Joy,restaurant,3.8,47.54301,-18.88062
Chill Out Café Ambondrona,restaurant,3.2,47.52791,-18.90655
CITIZEN,restaurant,1.0,47.52063,-18.91365
Clin d'Oeil,restaurant,2.7,47.51178,-18.9033
Coeur'o'lait,restaurant,3.3,47.53725,-18.91444
Daily Leader,restaurant,2.1,47.56232,-18.88041
Dely's restaurant,restaurant,1.3,47.52137,-18.91369
DRAGON ROYAL Restaurant,restaurant,1.5,47.52834,-18.89459
Dubai Restaurant,restaurant,1.9,47.50258,-18.94339
DUO,restaurant,4.4,47.52225,-18.90513
Délice Pizza,restaurant,2.9,47.54317,-18.90692
Emma planque,restaurant,1.5,47.53498,-18.87108
Esperça,restaurant,1.2,47.52657,-18.90349
Extra pizza,restaurant,1.4,47.52467,-18.9077
ExtraPizza,restaurant,1.3,47.54815,-18.89481
ExtraSandwich,restaurant,1.9,47.54814,-18.89463
Fast Italy,restaurant,4.0,47.51069,-18.87062
Fatapera,restaurant,4.5,47.52709,-18.91149
Fida’s Grill,restaurant,2.1,47.52151,-18.92126
Fiesta,restaurant,4.0,47.53595,-18.93202
Fish And Chips Restaurant,restaurant,4.3,47.52588,-18.89271
Fish and Ships Restaurant,restaurant,4.4,47.53512,-18.93352
Flamboyant,restaurant,1.0,47.55773,-18.92134
Foie gras de Tana,restaurant,1.5,47.52041,-18.91219
Fraise Halal,restaurant,1.1,47.51638,-18.91401
Gargotte,restaurant,1.8,47.52844,-18.90416
Gargotte,restaurant,2.3,47.52837,-18.90421
Gargotte,restaurant,4.0,47.52791,-18.90435
Gastro pizza,restaurant,3.4,47.50289,-18.91014
Gioia,restaurant,2.0,47.52512,-18.90826
Grand Orient,restaurant,3.6,47.52251,-18.90341
Grillade Pazza Tapas,restaurant,5.0,47.548,-18.8947
Grizzlee Steakhouse,restaurant,4.7,47.52052,-18.91085
Hotel Relais de la Haute Ville,restaurant,3.6,47.53241,-18.91712
Hotely,restaurant,4.1,47.52857,-18.90877
Hotely,restaurant,3.5,47.52769,-18.90625
Huo Cuisine,restaurant,4.8,47.53479,-18.87204
Hôtel & Restaurant des Artistes,restaurant,2.1,47.52533,-18.90842
Hôtel Glacier,restaurant,2.6,47.52448,-18.90752
Infinithé,restaurant,3.2,47.51859,-18.92154
ITADAKIMASU,restaurant,3.8,47.50403,-18.92031
Ivon-toerana Rakoto Andrianarijaona,restaurant,2.1,47.5206,-18.91305
Jacaranda,restaurant,2.2,47.52531,-18.9153
Jardin de Vaniala,restaurant,3.8,47.53481,-18.9127
Jasmine,restaurant,3.9,47.53721,-18.91438
Joyful  Grace,restaurant,3.4,47.53688,-18.92018
Joyfull grace,restaurant,1.9,47.5369,-18.92024
Kashmiri,restaurant,4.2,47.51855,-18.90812
Kitchen Garden Café,restaurant,2.7,47.52061,-18.91204
KOKO KAFE,restaurant,4.3,47.52082,-18.91071
Korean Barbecue Restaurant,restaurant,2.9,47.5269,-18.90222
Kudéta,restaurant,3.6,47.52109,-18.91163
L' Arrivage,restaurant,1.4,47.52805,-18.90704
L'Alibi,restaurant,4.9,47.52259,-18.89193
L'Auberge,restaurant,1.1,47.52506,-18.90453
L'Avenue,restaurant,5.0,47.52139,-18.90424
L'essentiel,restaurant,4.6,47.5262,-18.90883
L'exotic,restaurant,4.2,47.5247,-18.90793
L'Hirondelle,restaurant,3.7,47.53668,-18.9174
L'orient,restaurant,2.0,47.52281,-18.90945
l'Orient Asian Fusion Restaurant,restaurant,3.6,47.52806,-18.90734
L'Oriental,restaurant,1.9,47.53156,-18.87109
L'Île Rouge,restaurant,2.2,47.52674,-18.90441
La Boussole,restaurant,3.2,47.52096,-18.91201
La Cafet',restaurant,1.3,47.54882,-18.88967
La Canopée Restaurant,restaurant,1.8,47.52103,-18.89925
La Compagnie des Voyageurs - Restaurant,restaurant,4.1,47.52752,-18.87162
La fleur du sel,restaurant,1.3,47.54261,-18.87163
La Gastro Pizza Antsonjombe,restaurant,1.8,47.54372,-18.87163
La Halte,restaurant,4.4,47.52305,-18.88467
La Jonquille,restaurant,2.2,47.52338,-18.90347
La Lune,restaurant,1.2,47.5278,-18.90641
La marmite du chef,restaurant,4.8,47.52854,-18.90978
La Marée Ivandry,restaurant,3.5,47.52047,-18.8758
La Merveille.coin,restaurant,2.7,47.53719,-18.90972
La petite Brasserie,restaurant,3.2,47.52209,-18.91076
La Plantation,restaurant,1.5,47.52275,-18.8797
La Rhumerie,restaurant,4.9,47.52794,-18.87082
La Roseraie,restaurant,2.5,47.52635,-18.91302
La Ruche,restaurant,4.5,47.50797,-18.91048
La Savoureuse,restaurant,2.2,47.523,-18.90819
La table au plafond,restaurant,4.4,47.52017,-18.90985
La Tagliata,restaurant,3.2,47.53128,-18.90401
La Teinturerie,restaurant,2.6,47.54084,-18.91705
La Toque Enchantée,restaurant,1.9,47.54171,-18.91346
La Villa,restaurant,1.8,47.52087,-18.91103
Le 31,restaurant,3.4,47.52513,-18.90703
Le Baobab,restaurant,2.8,47.50906,-18.90669
Le Bar à Jus,restaurant,4.9,47.53031,-18.90245
Le Blanc Dauphin,restaurant,1.2,47.53179,-18.92006
Le Buffet du Jardin,restaurant,4.7,47.52552,-18.91028
Le Café du Parc,restaurant,1.9,47.52812,-18.92942
Le Carnivore,restaurant,1.9,47.52747,-18.91342
Le Carnivore - Restaurant Bar Lounge,restaurant,2.3,47.5272,-18.91323
Le carré,restaurant,2.2,47.52205,-18.90831
Le Chalet Betongolo,restaurant,1.1,47.54301,-18.90692
Le Chapiteau Bleu,restaurant,3.7,47.53146,-18.93557
Le Délice du Halal,restaurant,1.0,47.50768,-18.9022
Le Fleuve Rouge,restaurant,1.3,47.52902,-18.90371
Le Galet,restaurant,3.3,47.53482,-18.93365
Le Glacier,restaurant,2.1,47.52499,-18.90767
Le Gourmet,restaurant,4.8,47.52438,-18.88458
Le goû'thé,restaurant,1.7,47.50871,-18.91024
Le Grand Chinois,restaurant,3.9,47.53853,-18.91411
Le Grand Orient,restaurant,2.7,47.53172,-18.86981
Le Grand Tsang,restaurant,3.1,47.53404,-18.90703
Le Grill du Rova,restaurant,1.4,47.53268,-18.92186
Le Grova,restaurant,2.0,47.55956,-18.87937
Le Jardin du Raphia,restaurant,2.5,47.52691,-18.91239
Le Jasmin,restaurant,2.1,47.52681,-18.91048
Le Jeanni Grill,restaurant,4.8,47.55173,-18.87037
Le Jonquille,restaurant,4.8,47.52383,-18.90354
Le KEI,restaurant,4.7,47.52761,-18.92656
Le Montparnasse,restaurant,3.2,47.53459,-18.90766
Le Pacifique,restaurant,2.1,47.52476,-18.90442
Le palladio's,restaurant,2.4,47.52567,-18.88318
Le Palladio's II,restaurant,2.1,47.52587,-18.8832
Le Paris - Dehli,restaurant,1.1,47.52263,-18.90595
Le Phare,restaurant,1.9,47.52009,-18.91263
LE PHARE D'IVANDRY,restaurant,2.7,47.53505,-18.87116
Le Pourquoi pas,restaurant,4.4,47.52028,-18.91225
le QG,restaurant,3.5,47.52474,-18.88323
Le Relais d'Ivandry,restaurant,2.8,47.52802,-18.87064
Le Relais Normand,restaurant,3.3,47.51949,-18.9055
Le Rendez-vous,restaurant,3.1,47.55799,-18.87992
Le Romazava,restaurant,4.0,47.5215,-18.91088
Le Rossini,restaurant,1.0,47.52092,-18.91076
Le Régal,restaurant,1.1,47.52238,-18.91069
Le Saint Germain,restaurant,3.5,47.52481,-18.91055
Le Sarimanok,restaurant,2.7,47.52734,-18.93263
le Soubise Restaurant,restaurant,4.6,47.52532,-18.90809
Le SteakHouse,restaurant,2.6,47.52548,-18.909
Le Tram,restaurant,3.2,47.52202,-18.90123
Le Zoma,restaurant,4.4,47.52625,-18.90619
Lebaravin,restaurant,3.6,47.52722,-18.91303
Les Palmiers,restaurant,1.2,47.52796,-18.9237
Librairie Café Mille Feuilles,restaurant,3.4,47.52196,-18.90102
Little India,restaurant,3.2,47.52409,-18.91041
Little India Ankazomanga,restaurant,4.5,47.51483,-18.89391
Lotus,restaurant,4.0,47.50932,-18.90958
Lunch,restaurant,2.8,47.52861,-18.90394
Lychnis,restaurant,2.6,47.52558,-18.90769
Lydie,restaurant,4.6,47.51465,-18.9355
Madintown Restaurant,restaurant,1.1,47.5208,-18.91159
Makay,restaurant,3.3,47.54362,-18.87161
Malandy,restaurant,3.6,47.51893,-18.89721
Marais Restaurant Madagascar,restaurant,3.9,47.52348,-18.88736
Marmity,restaurant,4.2,47.52383,-18.89657
MAZOTOA BY ZOE,restaurant,4.0,47.51993,-18.91041
Miam,restaurant,5.0,47.557,-18.92591
Minou,restaurant,1.7,47.52691,-18.91182
Nama Haly,restaurant,1.4,47.51228,-18.90278
Nectar Ankadifotsy,restaurant,4.4,47.52516,-18.89924
Nerone,restaurant,3.4,47.52691,-18.91176
Notilus Greek Cafe,restaurant,3.3,47.53336,-18.91377
O! Poivre vert,restaurant,1.9,47.52366,-18.90667
O'Loft Chinois,restaurant,2.9,47.51918,-18.89741
O2 Resto lounge Bar,restaurant,3.0,47.52085,-18.89945
Ofive Restaurant,restaurant,2.9,47.51012,-18.87923
Ozone Thai Restaurant,restaurant,3.3,47.5197,-18.91015
PALMIERASSE,restaurant,1.4,47.52228,-18.87021
Pan Asia,restaurant,2.8,47.52382,-18.903
Petit Verdot,restaurant,2.1,47.52821,-18.91345
Pho Lounge;Les Jocondes,restaurant,2.7,47.52111,-18.90858
Pinou,restaurant,3.4,47.52016,-18.89883
Pizza Restao-Grill,restaurant,2.4,47.55259,-18.89344
Pizzamania,restaurant,2.5,47.52891,-18.9038
Pizzamania 67ha,restaurant,4.0,47.51181,-18.90245
Pizzamania Ankadindramamy,restaurant,4.3,47.55804,-18.89186
Pizzamania Ankorondrano,restaurant,3.5,47.52124,-18.8787
Pizzamania Ivandry,restaurant,2.3,47.53152,-18.8697
Planète Terrasse,restaurant,1.7,47.528,-18.91096
Presto Pizza,restaurant,2.6,47.5435,-18.8716
Quatro,restaurant,3.8,47.52274,-18.91821
Radisson Hotel Antananarivo Waterfront,restaurant,1.0,47.52596,-18.8917
Ranjatiana,restaurant,1.9,47.52969,-18.89293
Ravimpontsy,restaurant,4.2,47.54446,-18.91772
Ravinala,restaurant,2.8,47.52734,-18.91021
Reg'Halal,restaurant,1.5,47.51054,-18.87047
Rencard,restaurant,3.5,47.52695,-18.89527
Restaurant Arlequin,restaurant,2.5,47.51886,-18.90809
Restaurant asiatique,restaurant,2.3,47.52563,-18.90668
RESTAURANT BABÀ 67HA,restaurant,1.8,47.51172,-18.90257
Restaurant Betoko,restaurant,3.3,47.52608,-18.90869
Restaurant De Chine,restaurant,4.8,47.53554,-18.91129
Restaurant Kanana,restaurant,4.1,47.52556,-18.90901
Restaurant La Belle Ville,restaurant,4.4,47.53657,-18.91015
Restaurant La Toque Enchantée,restaurant,2.3,47.54298,-18.91343
Restaurant Le B,restaurant,3.7,47.51883,-18.90996
Restaurant Le Complexe,restaurant,3.4,47.50774,-18.87907
Restaurant Le JASMIN,restaurant,2.8,47.52876,-18.90168
Restaurant Little India,restaurant,2.3,47.51863,-18.90793
Restaurant Mandala,restaurant,3.5,47.52132,-18.9111
Restaurant Miangaly,restaurant,1.6,47.53676,-18.93073
Restaurant O'29 du Val,restaurant,2.0,47.53969,-18.91479
Restaurant Ravo,restaurant,3.2,47.52748,-18.93023
Restaurant Sak'Malao,restaurant,2.2,47.52075,-18.90017
Restaurant Shalimar,restaurant,2.2,47.52145,-18.90747
Restaurant Soleil d'Orient,restaurant,1.4,47.52875,-18.91385
Restaurant vilany Mainty,restaurant,3.7,47.5212,-18.91168
Resto Aloalo,restaurant,2.2,47.52082,-18.8981
Restosnack,restaurant,1.3,47.5275,-18.90587
Rivière Parfums,restaurant,4.5,47.52369,-18.9047
Rôti Et Fumé,restaurant,4.3,47.5104,-18.87047
Saba Kely Restaurant,restaurant,1.0,47.52862,-18.9053
Salam namaste 101 restaurant,restaurant,3.2,47.52072,-18.90686
Sambika Chocolat,restaurant,1.4,47.53616,-18.91366
SAMIFLO,restaurant,2.3,47.52491,-18.89859
Sequoia Ivandry,restaurant,1.4,47.53699,-18.87296
Serendipity Co.,restaurant,2.0,47.52247,-18.89225
Shalimar,restaurant,4.5,47.52145,-18.90756
Shangaï Hôtel Restaurant,restaurant,1.1,47.52385,-18.90906
SHIZUKU,restaurant,3.7,47.52103,-18.88494
Sky blu,restaurant,3.8,47.52031,-18.91039
Snack 3K la haute ville,restaurant,4.8,47.53125,-18.92465
Snack ideal,restaurant,4.6,47.52849,-18.92767
SOHO Restaurant,restaurant,2.5,47.52816,-18.91226
Soupe Chancy,restaurant,5.0,47.53624,-18.90942
Soupe Tamatave,restaurant,2.1,47.5556,-18.92459
Streety,restaurant,2.5,47.52744,-18.90576
Strelizia,restaurant,2.1,47.53502,-18.9153
Sweet Talk by Coq d'Or,restaurant,1.2,47.49229,-18.89229
Taj Mahal,restaurant,2.0,47.52022,-18.90615
Take away,restaurant,4.9,47.54744,-18.92514
Tamboho Restaurant,restaurant,3.7,47.52681,-18.89163
Tana Saigon,restaurant,4.4,47.52073,-18.91284
TEND M Isoraka,restaurant,4.6,47.52048,-18.91282
The Fire Lake,restaurant,3.9,47.52469,-18.8904
Tokotelo,restaurant,3.3,47.52221,-18.90753
TORA TO RYU,restaurant,1.0,47.52442,-18.90606
Trano Manga,restaurant,4.1,47.55574,-18.9236
Trinq'île RESTO,restaurant,3.9,47.52672,-18.90291
Trèfle d'or,restaurant,3.0,47.5349,-18.93362
Ts'art Sakafo,restaurant,1.3,47.52912,-18.90592
Tsaiky ny Janga,restaurant,2.1,47.53705,-18.91849
Tsarasakafo,restaurant,3.5,47.55958,-18.87934
Varanga,restaurant,4.1,47.52414,-18.90367
Venusia,restaurant,1.6,47.50894,-18.91426
Vikoviko,restaurant,4.4,47.51775,-18.91187
Ying Hao Xuan,restaurant,2.9,47.52829,-18.90829
Zanzen,restaurant,3.2,47.53631,-18.90927
Zen Eat,restaurant,1.3,47.52334,-18.90317
À Table,restaurant,1.7,47.52718,-18.91302
Aina,hotel,5.0,47.52626,-18.91101
Al Hôtel Ambanidia,hotel,3.7,47.53707,-18.91987
Ambondrona Hotel,hotel,4.5,47.52774,-18.90621
Anjara Hôtel,hotel,4.4,47.52839,-18.89461
Anjary Hôtel,hotel,3.8,47.51859,-18.90801
Aparthotel Madeleine,hotel,4.2,47.53576,-18.90931
Aparthotel Radama House,hotel,4.9,47.5456,-18.92222
Au Jardin d'Antanimena,hotel,3.3,47.51895,-18.89656
Au Papillon d'Or,hotel,1.8,47.5087,-18.92971
Belvedere,hotel,2.2,47.51759,-18.91045
"Besoa Appart Hôtel ""Beaufort""n",hotel,1.6,47.5196,-18.91274
Besoa II Beaufort,hotel,1.5,47.52068,-18.91053
Central Hôtel Antananarivo,hotel,2.9,47.52061,-18.90679
Chalet des Roses,hotel,2.8,47.52394,-18.90924
Chez Francis,hotel,2.0,47.52803,-18.90717
Chez Lorenzo,hotel,2.7,47.54374,-18.86644
Chouket's Guest House,hotel,4.7,47.52864,-18.91055
Downtown Hotel,hotel,3.5,47.52032,-18.90924
Espace DREAM'S,hotel,4.6,47.53592,-18.94347
Fiavo,hotel,1.3,47.54093,-18.92103
G&V inn - Gasy & Vahiny Auberge,hotel,3.3,47.51948,-18.92645
Grace Food,hotel,2.8,47.5484,-18.89153
Grand Hotel Urban,hotel,2.8,47.52828,-18.91371
Havana resort,hotel,4.4,47.52618,-18.91286
Hotel AKOA,hotel,2.8,47.53466,-18.87306
Hotel Brajas,hotel,4.0,47.52772,-18.90598
Hotel La Villette,hotel,4.5,47.52073,-18.9119
Hotel Le Pousse Pousse,hotel,3.4,47.5235,-18.91045
Hotel New Century,hotel,3.7,47.52322,-18.90342
Hotely Sympat,hotel,3.1,47.52076,-18.90619
Hôtel de France,hotel,2.3,47.52372,-18.90674
Hôtel des Orchidées,hotel,3.1,47.50437,-18.87839
Hôtel du Louvre,hotel,2.1,47.52483,-18.91034
Hôtel Grégoire,hotel,3.5,47.53513,-18.90119
Hôtel Isoraka,hotel,1.4,47.52245,-18.91087
Hôtel le Pacifique,hotel,2.3,47.52483,-18.90442
Hôtel Mehrane,hotel,4.8,47.51901,-18.90811
Hôtel Mercury,hotel,2.4,47.53075,-18.90109
Hôtel Nishate,hotel,4.2,47.51983,-18.9072
Hôtel NJIVA,hotel,1.3,47.53102,-18.901
Hôtel Nosy Be,hotel,3.1,47.52686,-18.9033
Hôtel Ny Hasina,hotel,1.9,47.52006,-18.91035
Hôtel Panorama,hotel,2.7,47.54317,-18.91056
Hôtel Radar,hotel,2.3,47.52031,-18.90776
Hôtel Roger,hotel,4.3,47.51741,-18.90714
Hôtel Saint Antoine,hotel,1.2,47.52099,-18.90892
Hôtel Saint Germain Annexe,hotel,4.3,47.52415,-18.90303
Hôtel Saint Pierre,hotel,1.9,47.52409,-18.90354
Hôtel Tamboho,hotel,4.1,47.52668,-18.89172
hôtel tropic-asia,hotel,1.2,47.52536,-18.90291
Hôtel White Palace,hotel,4.4,47.51861,-18.90733
Hôtel Zina,hotel,3.4,47.52214,-18.8993
Hôtel-Restaurant Fandritsara,hotel,3.1,47.50864,-18.92035
Ivotel,hotel,1.8,47.52635,-18.91283
L'Indigo,hotel,4.2,47.52097,-18.91113
La Casa di Luna,hotel,5.0,47.5485,-18.8917
La Maison du Pyla,hotel,1.6,47.54594,-18.91747
La Medina,hotel,1.4,47.5222,-18.91093
La Muraille de Chine,hotel,1.4,47.52207,-18.90377
La Varangue,hotel,2.5,47.52497,-18.91191
Lambert,hotel,3.2,47.52695,-18.9061
Laura Hotel,hotel,2.6,47.51335,-18.91598
Le 87,hotel,3.7,47.5356,-18.89163
Le Cap,hotel,1.5,47.52645,-18.90332
Le Fushia,hotel,1.8,47.52436,-18.90394
Le Grand Mellis,hotel,3.9,47.52258,-18.90605
Le Jean Laborde,hotel,4.5,47.52066,-18.91076
Le Logis,hotel,3.4,47.5187,-18.90727
Le Paradisier,hotel,1.3,47.51223,-18.9013
Le Pavillon de l'Émyrne,hotel,2.2,47.52049,-18.91277
Le Pavé,hotel,1.4,47.52609,-18.90952
Le Sud;Tana Jacaranda,hotel,1.1,47.52106,-18.91238
Les Trois Métis,hotel,4.1,47.52949,-18.9033
Lokanga,hotel,4.0,47.53074,-18.92576
Mada hotel,hotel,3.1,47.51128,-18.90498
Mada Hotel,hotel,4.1,47.51036,-18.90486
Mada Hotel,hotel,3.6,47.51111,-18.90494
Maison d'hôtes Le Manoir,hotel,3.7,47.52574,-18.92144
Maison Lovasoa,hotel,2.6,47.52917,-18.91368
Miel Hotel Restaurant,hotel,1.9,47.53049,-18.89293
Moonlight,hotel,4.5,47.52697,-18.90506
Njato Hotel,hotel,1.5,47.52325,-18.9084
Njato Hôtel,hotel,1.9,47.52259,-18.90913
Noor Hotel,hotel,4.5,47.50791,-18.90836
North Hotel,hotel,1.9,47.54082,-18.91354
Novotel Convention and Spa Antananarivo,hotel,3.9,47.52251,-18.8728
Palm Hôtel,hotel,1.9,47.52222,-18.90785
Pierre B&B,hotel,4.3,47.5279,-18.90623
Pietra Hotel,hotel,2.9,47.52529,-18.90752
Pinah Hotel,hotel,3.6,47.51165,-18.90423
Raphia,hotel,3.6,47.52691,-18.91237
Relais des Pistards,hotel,1.9,47.52798,-18.93338
Residence du Rova,hotel,5.0,47.53178,-18.91515
Rova Hôtel,hotel,3.0,47.52104,-18.91231
Résidence Imerina,hotel,4.3,47.52175,-18.90806
Résidence Lapasoa,hotel,1.8,47.52094,-18.91178
Résidence Marévà,hotel,1.3,47.52311,-18.90864
Sakamanga,hotel,4.4,47.52131,-18.90825
Sakamanga,hotel,2.9,47.52125,-18.90829
Select Hotel,hotel,3.2,47.52537,-18.90815
Seoul Hôtel,hotel,4.7,47.50814,-18.91851
Shalimar Hôtel,hotel,4.9,47.51965,-18.90572
Sole Hotel,hotel,3.4,47.52206,-18.90693
Sole Hôtel,hotel,3.2,47.52204,-18.907
Suncity Hotel,hotel,4.8,47.52103,-18.90849
SUNNY HOTEL,hotel,2.5,47.5225,-18.88622
Taj Hôtel,hotel,3.9,47.52117,-18.90722
Tana Hôtel,hotel,1.4,47.52406,-18.91045
Tana Plaza,hotel,3.0,47.52137,-18.90419
Tripolitsa,hotel,3.7,47.52536,-18.90761
Élite,hotel,2.5,47.52205,-18.90728
Île Bourbon,hotel,2.4,47.51747,-18.90775
